{
    "num_partitions": 1,
    "random_state": 42,
    "num_trials": 10,
    "fit_time": 22.48682188987732,
    "score": 0.9164943181818183
}