{
    "num_partitions": 1,
    "random_state": 42,
    "num_trials": 10,
    "fit_time": 18.184452056884766,
    "score": 0.8965812014946823
}